"last_name","first_name"
"Baba","Wojceich"
"Baba","Flemming"
"Baba","Shih"
"Baba","Chandrasekaran"
"Baba","Gopalakrishnan"
"Baba","Heng"
"Baba","Jessie"
"Baba","Maja"
"Baba","Hironobu"
"Baba","Wayne"
"Baba","Genta"
"Baba","Toshimo"
"Baba","Ferdinand"
"Baba","Holgard"
"Baba","Fen"
"Baba","Gritta"
"Baba","Guozhong"
"Baba","Kaijung"
"Baba","Rildo"
"Baba","Chiranjit"
"Baba","Bogdan"
"Baba","Pasqua"
"Baba","Uno"
"Baba","Achilleas"
"Baba","Bedir"
"Baba","Weiwu"
"Baba","Subhankar"
"Baba","Turgut"
"Baba","Yongqiao"
"Baba","Marin"
"Baba","Rasikan"
"Baba","Sreekrishna"
"Baba","Heekeun"
"Baba","Shaw"
"Baba","LiMin"
"Baba","Filipp"
"Baba","Sverrir"
"Baba","Mingsen"
"Baba","Bodo"
"Baba","Karsten"
"Baba","Florian"
"Baba","Shaowei"
"Baba","Basant"
"Baba","Baocai"
"Baba","Youngkon"
"Baba","Ranan"
"Baba","Tadahiro"
"Baba","Gennadi"
"Baba","Make"
"Baba","Maris"
"Baba","Xiaopeng"
"Baba","Jaroslava"
"Baba","Arno"
"Baba","Abdulla"
"Baba","Moty"
"Baba","Frazer"
"Baba","Irena"
"Baba","Volkmar"
"Baba","Alenka"
"Baba","Sudhanshu"
"Baba","Hirochika"
"Baba","Candida"
"Baba","Yuriy"
"Baba","Eldridge"
"Baba","Xiaoheng"
"Baba","Filipe"
"Baba","Karsten"
"Baba","Zhaofang"
"Baba","Mansur"
"Baba","Rosalyn"
"Baba","Jouko"
"Baba","Mariusz"
"Baba","Mohammad"
"Baba","Nahla"
"Baba","Arun"
"Baba","Niclas"
"Baba","Randy"
"Baba","Shridhar"
"Baba","Zsolt"
"Baba","Rosita"
"Baba","Sachio"
"Baba","Jaroslava"
"Baba","Jasminko"
"Baba","Zhongwei"
"Baba","Jaewon"
"Baba","Hirochika"
"Baba","Kazuhisa"
"Baba","Suzette"
"Baba","Feixiong"
"Baba","Arunachalam"
"Baba","Muneo"
"Baba","Sastry"
"Baba","Mingsen"
"Baba","Amabile"
"Baba","Adamantios"
"Baba","Gal"
"Baba","Giri"
"Baba","Aloke"
"Baba","Jiang"
"Baba","Mechthild"
"Baba","Morrie"
"Baba","Bokyung"
"Baba","Kwee"
"Baba","Ugo"
"Baba","Foong"
"Baba","Conrado"
"Baba","Alair"
"Baba","Saniya"
"Baba","Deniz"
"Baba","Herb"
"Baba","Sachin"
"Baba","Taisook"
"Baba","Peer"
"Baba","Arra"
"Baba","Christ"
"Baba","Valery"
"Baba","Margareta"
"Baba","Chenxi"
"Baba","Kristian"
"Baba","Eberhardt"
"Baba","Aamer"
"Baba","Fumitaka"
"Baba","Taisook"
"Baba","Fumino"
"Baba","Pramod"
"Baba","Tonia"
"Baba","Willard"
"Baba","Leaf"
"Baba","Yannis"
"Baba","Leni"
"Baba","Masamitsu"
"Baba","Jungsoon"
"Baba","Malu"
"Baba","Maia"
"Baba","Surveyors"
"Baba","Susanna"
"Baba","Sahrah"
"Baba","Ult"
"Baba","Zissis"
"Baba","Lech"
"Baba","Zhenhua"
"Baba","Mingdong"
"Baba","Adly"
"Baba","Rafael"
"Baba","Fay"
"Baba","Goetz"
"Baba","Danae"
"Baba","Srinidhi"
"Baba","Leon"
"Baba","Chikako"
"Baba","Duro"
"Baba","Kristina"
"Baba","Yuuichi"
"Baba","Hatim"
"Baba","Tzu"
"Baba","Muzhong"
"Baba","Dannz"
"Baba","Hongzue"
"Baba","Phuoc"
"Baba","Kwangyoen"
"Baba","Doohun"
"Baba","Baocai"
"Baba","Subhrajyoti"
"Baba","Juyoung"
"Baba","Jingling"
"Baba","Goncalo"
"Baba","Martine"
"Baba","Ebbe"
"Baba","Stepehn"
"Baba","Tru"
"Baba","Hauke"
"Baba","Takanari"
"Baba","Xianlong"
"Baba","Marc"
"Baba","Masako"
"Baba","Susanta"
"Baba","Cristinel"
"Baba","Qiwen"
"Baba","Babette"
"Baba","Arunachalam"
"Baba","Utz"
"Baba","Arumugam"
"Baba","Dipankar"
"Baba","Barry"
"Baba","Shuzo"
"Baba","Khatoun"
"Baba","Gal"
"Baba","Tadanori"
"Baba","Patricia"
"Baba","Mrinalini"
"Baba","Leni"
"Baba","Shigeaki"
"Baba","Leon"
"Baba","Ramzi"
"Baba","Abdelwaheb"
"Baba","Martien"
"Baba","Hyuckchul"
"Baba","Sandeepan"
"Baba","Niclas"
"Baba","Mokhtar"
"Baba","Tzu"
"Baba","Hyuncheol"
"Baba","Gad"
"Baba","Marsal"
"Baba","Mary"
"Baba","Arunas"
"Baba","Aksel"
"Baba","Jaihie"
"Baba","Martine"
"Baba","Arie"
"Baba","Wayne"
"Baba","Sanjai"
"Baba","Halsur"
"Baba","Yurii"
"Baba","Chandrasekaran"
"Baba","Sushant"
"Baba","Lucien"
"Baba","Salvador"
"Baba","Bluma"
"Baba","Filipe"
"Baba","Wuxu"
"Baba","Satyanarayana"
"Baba","Kitty"
"Baba","Zhigen"
"Baba","Chaitali"
"Baba","Tetsushi"
